<?xml version="1.0" encoding="UTF-8"?>
<root>
  <item name="com.telly.mrvector.MrVector android.graphics.drawable.Drawable inflate(android.content.res.Resources, int) 1">
    <annotation name="android.support.annotation.DrawableRes" />
  </item>
  <item name="com.telly.mrvector.MrVector android.graphics.drawable.Drawable inflateCompatOnly(android.content.res.Resources, int) 1">
    <annotation name="android.support.annotation.DrawableRes" />
  </item>
  <item name="com.telly.mrvector.MrVector void register(int[]) 0">
    <annotation name="android.support.annotation.DrawableRes" />
  </item>
</root>

